"stateabbr","countyfips","countyname","totalpopulation","diabetes_crudeprev","obesity_crudeprev"
"NC","37001","Alamance","176353","12.7","37.3"
"NC","37003","Alexander","36512","12.1","33.9"
"NC","37005","Alleghany","11185","15.7","36.2"
"NC","37007","Anson","22202","16.4","42.7"
"NC","37009","Ashe","27110","13.4","33.8"
"NC","37011","Avery","17571","12.5","32.6"
"NC","37013","Beaufort","44272","15.7","38.4"
"NC","37015","Bertie","17240","19.0","43.2"
"NC","37017","Bladen","29446","16.8","38.6"
"NC","37019","Brunswick","153064","14.2","31.1"
"NC","37021","Buncombe","273589","9.9","26.3"
"NC","37023","Burke","87881","13.0","31.9"
"NC","37025","Cabarrus","235797","10.8","35.1"
"NC","37027","Caldwell","80492","13.1","35.2"
"NC","37029","Camden","11088","11.2","35.1"
"NC","37031","Carteret","69380","13.1","31.7"
"NC","37033","Caswell","22614","15.9","35.8"
"NC","37035","Catawba","163462","12.0","33.8"
"NC","37037","Chatham","79864","13.5","30.8"
"NC","37039","Cherokee","29512","15.6","31.5"
"NC","37041","Chowan","13940","16.3","39.0"
"NC","37043","Clay","11614","14.3","32.5"
"NC","37045","Cleveland","100670","13.6","37.6"
"NC","37047","Columbus","49885","16.2","38.8"
"NC","37049","Craven","100874","13.7","35.4"
"NC","37051","Cumberland","336699","11.6","38.2"
"NC","37053","Currituck","31015","11.2","34.3"
"NC","37055","Dare","37956","11.4","30.1"
"NC","37057","Davidson","172586","12.3","34.3"
"NC","37059","Davie","44090","12.5","33.9"
"NC","37061","Duplin","48990","15.3","39.1"
"NC","37063","Durham","332680","10.3","32.2"
"NC","37065","Edgecombe","48301","17.5","40.2"
"NC","37067","Forsyth","389157","12.1","31.6"
"NC","37069","Franklin","74539","13.3","38.3"
"NC","37071","Gaston","234215","12.5","36.7"
"NC","37073","Gates","10383","15.4","37.6"
"NC","37075","Graham","7980","13.8","33.7"
"NC","37077","Granville","61903","14.3","37.9"
"NC","37079","Greene","20211","15.3","41.1"
"NC","37081","Guilford","546101","11.8","32.7"
"NC","37083","Halifax","47848","18.6","41.2"
"NC","37085","Harnett","138832","12.2","39.5"
"NC","37087","Haywood","62609","12.4","31.7"
"NC","37089","Henderson","118106","12.4","33.6"
"NC","37091","Hertford","20875","18.1","42.5"
"NC","37093","Hoke","53787","13.0","35.9"
"NC","37095","Hyde","4576","17.0","39.5"
"NC","37097","Iredell","195897","11.4","34.0"
"NC","37099","Jackson","42955","11.4","30.6"
"NC","37101","Johnston","234778","12.1","36.8"
"NC","37103","Jones","9233","16.5","38.4"
"NC","37105","Lee","65476","13.7","38.5"
"NC","37107","Lenoir","54633","17.2","40.1"
"NC","37109","Lincoln","93095","12.2","33.5"
"NC","37111","McDowell","44753","13.9","33.5"
"NC","37113","Macon","38065","14.1","31.0"
"NC","37115","Madison","21768","12.3","31.8"
"NC","37117","Martin","21508","18.2","38.5"
"NC","37119","Mecklenburg","1145392","10.5","34.2"
"NC","37121","Mitchell","15094","12.9","34.2"
"NC","37123","Montgomery","25894","14.5","37.5"
"NC","37125","Moore","105531","12.1","32.1"
"NC","37127","Nash","95789","14.6","42.0"
"NC","37129","New Hanover","234921","10.2","31.6"
"NC","37131","Northampton","16779","20.0","40.3"
"NC","37133","Onslow","207298","8.5","29.3"
"NC","37135","Orange","150477","8.8","24.5"
"NC","37137","Pamlico","12381","15.8","36.2"
"NC","37139","Pasquotank","40938","13.0","35.3"
"NC","37141","Pender","65737","12.3","31.9"
"NC","37143","Perquimans","13210","15.1","33.9"
"NC","37145","Person","39386","14.9","40.6"
"NC","37147","Pitt","173542","11.4","35.4"
"NC","37149","Polk","19986","12.2","31.3"
"NC","37151","Randolph","146043","13.1","32.5"
"NC","37153","Richmond","42778","14.8","39.2"
"NC","37155","Robeson","116663","17.4","41.5"
"NC","37157","Rockingham","91957","14.9","38.0"
"NC","37159","Rowan","149645","13.2","33.7"
"NC","37161","Rutherford","64963","14.4","36.9"
"NC","37163","Sampson","59120","15.7","38.3"
"NC","37165","Scotland","34162","16.9","40.8"
"NC","37167","Stanly","64153","12.2","34.2"
"NC","37169","Stokes","45175","13.1","33.3"
"NC","37171","Surry","71403","14.2","35.5"
"NC","37173","Swain","13967","14.3","36.7"
"NC","37175","Transylvania","33355","12.6","31.8"
"NC","37177","Tyrrell","3365","16.2","37.0"
"NC","37179","Union","249070","10.8","31.7"
"NC","37181","Vance","42138","16.2","41.0"
"NC","37183","Wake","1175021","9.2","25.8"
"NC","37185","Warren","18713","19.1","41.1"
"NC","37187","Washington","10828","18.9","40.4"
"NC","37189","Watauga","55089","9.2","29.8"
"NC","37191","Wayne","117286","13.9","38.6"
"NC","37193","Wilkes","65784","13.7","35.0"
"NC","37195","Wilson","78449","16.4","38.9"
"NC","37197","Yadkin","37463","13.7","36.0"
"NC","37199","Yancey","18811","13.9","32.8"
